,City,Lat,Lng,Max Temp,Humidity,Cloudiness,Wind Speed,Country,Date
0,Rikitea,-23.12,-134.97,74.86,83,98,12.5,PF,1606267200
1,Goderich,43.75,-81.72,34.0,85,100,20.74,CA,1606267307
2,Cabadiangan,9.75,122.47,83.1,72,95,14.0,PH,1606267454
3,Nouadhibou,20.93,-17.03,71.6,46,87,9.17,MR,1606267264
4,Saldanha,-33.01,17.94,53.6,76,83,1.12,ZA,1606267455
5,Fortuna,40.6,-124.16,52.0,82,73,1.23,US,1606267455
6,Mount Gambier,-37.83,140.77,73.4,46,0,16.11,AU,1606267382
7,Jangaon,17.72,79.18,63.07,55,100,6.8,IN,1606267455
8,Puerto Ayora,-0.74,-90.35,72.0,88,61,7.0,EC,1606267229
9,Souillac,-20.52,57.52,75.2,88,75,11.41,MU,1606267456
10,Talnakh,69.49,88.4,15.8,92,75,11.18,RU,1606267456
11,George Town,5.41,100.34,78.8,100,20,5.01,MY,1606267252
12,Guanay,-15.5,-67.88,81.9,52,40,1.57,BO,1606267457
13,Butaritari,3.07,172.79,82.29,78,100,19.71,KI,1606267239
14,Burgos,42.34,-3.71,37.4,86,90,7.67,ES,1606267457
15,Bluff,-46.6,168.33,58.71,59,0,12.71,NZ,1606267457
16,Albany,42.6,-73.97,32.0,62,100,1.01,US,1606267457
17,Mount Isa,-20.73,139.5,100.4,13,8,5.82,AU,1606267458
18,Jilib,0.49,42.79,75.02,93,0,3.2,SO,1606267458
19,Chilca,-12.52,-76.74,64.4,72,0,13.87,PE,1606267459
20,Acarí,-15.43,-74.62,65.89,66,96,2.84,PE,1606267459
21,Punta Arenas,-53.15,-70.92,46.4,75,75,13.87,CL,1606267260
22,Umluj,25.02,37.27,75.42,59,0,2.98,SA,1606267459
23,Yellowknife,62.46,-114.35,14.0,85,90,11.41,CA,1606267459
24,Tura,25.52,90.22,59.97,90,80,3.83,IN,1606267267
25,Ushuaia,-54.8,-68.3,44.6,65,75,6.93,AR,1606267189
26,Jamestown,42.1,-79.24,37.99,69,90,5.82,US,1606267225
27,Hong Kong,22.29,114.16,73.0,80,30,4.0,HK,1606267386
28,Marsh Harbour,26.54,-77.06,73.06,76,0,22.24,BS,1606267461
29,Bambous Virieux,-20.34,57.76,75.2,88,75,11.41,MU,1606267461
30,Vaini,-21.2,-175.2,80.6,78,75,9.17,TO,1606267461
31,Klaksvík,62.23,-6.59,37.4,100,0,4.25,FO,1606267461
32,Wagga Wagga,-35.12,147.37,81.0,41,0,8.05,AU,1606267461
33,Esim,4.87,-2.24,78.55,86,2,6.38,GH,1606267462
34,Mataura,-46.19,168.86,70.21,36,0,5.06,NZ,1606267218
35,Kiama,-34.68,150.87,72.0,78,29,7.18,AU,1606267462
36,Hofn,64.25,-15.21,34.83,82,0,18.03,IS,1606267462
37,Bredasdorp,-34.53,20.04,55.4,66,15,6.93,ZA,1606267214
38,Qaanaaq,77.48,-69.36,8.06,90,100,0.96,GL,1606267463
39,Chui,-33.7,-53.46,73.2,72,1,13.27,UY,1606267463
40,Kemalpaşa,38.43,27.42,51.8,61,0,19.46,TR,1606267463
41,Margate,51.38,1.39,50.0,78,100,5.01,GB,1606267463
42,Port Alfred,-33.59,26.89,62.64,67,100,18.77,ZA,1606267464
43,Zhigansk,66.77,123.37,-2.99,91,100,14.47,RU,1606267258
44,Chennai,13.09,80.28,78.8,94,90,13.87,IN,1606267220
45,Baruun-Urt,46.68,113.28,9.75,92,0,4.83,MN,1606267464
46,San Quintín,30.48,-115.95,60.82,75,0,8.61,MX,1606267465
47,Westport,41.14,-73.36,41.0,52,1,4.7,US,1606267465
48,Road Town,18.42,-64.62,80.01,88,20,3.36,VG,1606267390
49,Atuona,-9.8,-139.03,78.73,73,35,12.88,PF,1606267232
50,Laas,46.62,10.7,28.4,86,5,2.24,IT,1606267466
51,Mahébourg,-20.41,57.7,75.2,88,75,11.41,MU,1606267466
52,Muslyumovo,55.3,53.19,25.79,97,100,13.33,RU,1606267466
53,Komatipoort,-25.43,31.95,73.99,79,86,12.82,ZA,1606267466
54,Mar del Plata,-38.0,-57.56,66.99,93,0,3.36,AR,1606267467
55,Dingle,11.0,122.67,80.78,83,41,16.17,PH,1606267467
56,Yangi Marg`ilon,40.43,71.72,24.8,92,75,2.15,UZ,1606267467
57,Rochegda,62.8,43.25,27.28,98,99,5.1,RU,1606267467
58,Port Keats,-14.25,129.55,92.39,54,100,8.01,AU,1606267467
59,Batagay-Alyta,67.8,130.41,-6.48,83,54,2.42,RU,1606267468
60,Nikolskoye,59.7,30.79,35.01,97,75,4.47,RU,1606267468
61,Bethel,41.37,-73.41,35.01,77,95,3.71,US,1606267468
62,Fairbanks,64.84,-147.72,6.8,77,75,2.24,US,1606267468
63,Hambantota,6.12,81.12,77.0,94,75,3.36,LK,1606267469
64,Saint-Philippe,-21.36,55.77,73.4,64,66,10.83,RE,1606267469
65,Jermuk,39.84,45.67,27.07,79,100,2.28,AM,1606267469
66,Luganville,-15.53,167.17,86.0,79,20,6.93,VU,1606267469
67,Esperance,-33.87,121.9,62.6,63,90,17.22,AU,1606267469
68,Barrow,71.29,-156.79,12.2,78,90,21.92,US,1606267470
69,Castro,-24.79,-50.01,62.15,97,9,7.0,BR,1606267470
70,Tasiilaq,65.61,-37.64,23.0,79,100,18.34,GL,1606267228
71,Ostrovnoy,68.05,39.51,32.65,94,14,4.36,RU,1606267470
72,Hithadhoo,-0.6,73.08,81.63,79,0,11.07,MV,1606267471
73,Kahului,20.89,-156.47,77.0,83,75,23.04,US,1606267471
74,Ponta do Sol,32.67,-17.1,62.6,77,20,4.7,PT,1606267471
75,Hamilton,39.18,-84.53,45.0,70,90,6.93,US,1606267200
76,Dunedin,-45.87,170.5,57.99,70,0,28.99,NZ,1606267472
77,San Felipe,10.34,-68.74,73.53,93,94,2.77,VE,1606267472
78,Hilo,19.73,-155.09,80.6,69,40,5.82,US,1606267400
79,Kiryat Gat,31.61,34.76,60.8,67,0,5.82,IL,1606267472
80,Cidreira,-30.18,-50.21,71.56,80,0,23.33,BR,1606267261
81,Salinópolis,-0.61,-47.36,80.37,80,8,13.53,BR,1606267284
82,Wau,7.7,28.0,75.58,38,0,2.91,SS,1606267473
83,Provideniya,64.38,-173.3,37.4,93,90,26.84,RU,1606267473
84,Verkhnetulomskiy,68.61,31.8,21.2,100,90,2.24,RU,1606267474
85,Torbay,47.67,-52.73,37.0,69,90,36.91,CA,1606267474
86,Waingapu,-9.66,120.26,86.14,62,100,1.43,ID,1606267474
87,Kavieng,-2.57,150.8,84.94,72,100,8.81,PG,1606267475
88,Kuruman,-27.45,23.43,55.0,64,0,8.93,ZA,1606267475
89,Arraial do Cabo,-22.97,-42.03,75.2,78,75,14.99,BR,1606267239
90,Otane,-39.88,176.63,57.0,93,100,1.99,NZ,1606267475
91,Abnūb,27.27,31.15,51.8,53,0,5.84,EG,1606267476
92,Itimādpur,27.25,78.2,60.13,32,99,3.58,IN,1606267476
93,Aksu,41.12,80.26,19.96,83,95,4.41,CN,1606267476
94,Tuktoyaktuk,69.45,-133.04,-0.4,84,75,2.24,CA,1606267476
95,Aswān,24.09,32.91,61.45,32,0,7.07,EG,1606267477
96,Barcelos,41.54,-8.62,55.4,93,75,9.17,PT,1606267477
97,Port Hedland,-20.32,118.57,91.4,38,0,8.05,AU,1606267281
98,Hermanus,-34.42,19.23,57.0,70,37,3.0,ZA,1606267222
99,Linxia Chengguanzhen,35.6,103.21,20.1,93,50,3.62,CN,1606267478
100,Necochea,-38.55,-58.74,62.01,87,16,6.71,AR,1606267291
101,Hobart,-42.88,147.33,86.0,49,75,14.99,AU,1606267449
102,Kangaatsiaq,68.31,-53.46,28.24,90,100,19.62,GL,1606267479
103,Sola,-13.88,167.55,84.2,83,90,0.63,VU,1606267479
104,Samarai,-10.62,150.67,84.54,68,100,7.87,PG,1606267479
105,Severo-Kuril'sk,50.68,156.12,30.4,91,89,32.14,RU,1606267222
106,Kapaa,22.08,-159.32,80.6,74,90,17.22,US,1606267480
107,Nishihara,26.18,127.76,77.0,50,0,13.87,JP,1606267480
108,Lavrentiya,65.58,-171.0,37.38,93,100,37.33,RU,1606267240
109,Zharkent,44.16,80.0,18.07,87,0,0.6,KZ,1606267480
110,Ancud,-41.87,-73.82,53.01,93,20,9.17,CL,1606267243
111,Khatanga,71.97,102.5,10.11,96,90,8.25,RU,1606267246
112,Arusha,-3.37,36.68,66.2,93,75,11.41,TZ,1606267481
113,Tiksi,71.69,128.87,-1.73,92,100,7.9,RU,1606267481
114,Cockburn Town,21.46,-71.14,79.99,73,69,22.5,TC,1606267482
115,Airai,-8.93,125.41,77.34,58,54,0.89,TL,1606267262
116,New Norfolk,-42.78,147.06,86.0,45,1,4.0,AU,1606267236
117,Cape Town,-33.93,18.42,59.0,58,75,4.7,ZA,1606267359
118,Piranshahr,36.7,45.14,38.37,65,11,4.76,IR,1606267482
119,Geraldton,-28.77,114.6,73.4,64,7,20.8,AU,1606267483
120,Bolama,11.58,-15.47,73.4,94,0,10.02,GW,1606267483
121,Duki,30.15,68.57,49.06,64,86,1.63,PK,1606267483
122,Pozo Colorado,-23.49,-58.8,87.98,33,0,10.71,PY,1606267483
123,Krasnosel'kup,65.7,82.47,12.61,96,100,10.85,RU,1606267484
124,Caledon,-34.23,19.43,57.0,70,48,3.0,ZA,1606267484
125,Dikson,73.51,80.55,9.59,96,100,21.05,RU,1606267224
126,Belmonte,-15.86,-38.88,73.4,88,20,2.24,BR,1606267278
127,Lompoc,34.64,-120.46,59.0,82,1,10.29,US,1606267211
128,Port Elizabeth,-33.92,25.57,59.0,77,20,13.87,ZA,1606267230
129,Cherskiy,68.75,161.3,-2.43,92,100,4.25,RU,1606267233
130,Faanui,-16.48,-151.75,81.37,79,0,14.65,PF,1606267244
131,Hasaki,35.73,140.83,50.0,100,75,12.75,JP,1606267262
132,Tombouctou,20.0,-3.0,61.68,30,100,12.8,ML,1606267486
133,Erdenet,49.03,104.08,11.93,95,100,3.09,MN,1606267421
134,Cabo San Lucas,22.89,-109.91,77.0,65,75,5.66,MX,1606267451
135,Coquimbo,-29.95,-71.34,57.2,87,0,3.36,CL,1606267487
136,Busselton,-33.65,115.33,64.0,57,0,4.0,AU,1606267487
137,Mossamedes,-15.2,12.15,69.87,75,51,4.32,AO,1606267231
138,Samoded,63.61,40.51,31.1,99,100,3.38,RU,1606267487
139,Kyotera,-0.62,31.52,62.58,92,3,4.79,UG,1606267488
140,St. George's,12.06,-61.75,80.6,78,75,21.92,GD,1606267488
141,Ximeicun,24.96,118.38,73.4,64,20,6.71,CN,1606267488
142,Turan,16.07,108.22,80.6,78,40,5.82,VN,1606267314
143,Liwale,-9.77,37.93,69.51,97,70,2.26,TZ,1606267489
144,Douglas,41.3,-96.17,39.99,93,90,17.22,US,1606267489
145,East London,-33.02,27.91,63.88,70,47,14.54,ZA,1606267489
146,Rocha,-34.48,-54.33,77.34,71,0,12.26,UY,1606267489
147,Tiarei,-17.53,-149.33,82.4,78,75,11.41,PF,1606267490
148,Rovaniemi,66.5,25.72,10.4,92,90,4.7,FI,1606267490
149,Mitú,1.2,-70.17,74.19,94,100,1.05,CO,1606267490
150,Aloleng,16.13,119.78,80.91,62,3,8.43,PH,1606267490
151,Olafsvik,64.89,-23.71,34.05,86,51,9.42,IS,1606267491
152,Weihai,37.5,122.11,45.57,58,0,8.79,CN,1606267491
153,Stutterheim,-32.57,27.42,51.06,92,97,3.27,ZA,1606267491
154,San Juan,-31.54,-68.54,78.13,26,0,7.99,AR,1606267491
155,Muisne,0.6,-80.03,72.73,88,100,8.19,EC,1606267492
156,Guerrero Negro,27.98,-114.06,62.1,81,0,11.16,MX,1606267218
157,Gīdolē,5.65,37.37,59.38,70,23,2.21,ET,1606267492
158,Evensk,61.95,159.23,1.13,85,98,8.95,RU,1606267492
159,Muzhi,65.37,64.67,19.44,97,100,8.28,RU,1606267493
160,Bonthe,7.53,-12.51,78.49,82,0,4.45,SL,1606267493
161,Ahipara,-35.17,173.17,69.84,66,24,18.84,NZ,1606267493
162,Kununurra,-15.77,128.73,87.8,62,32,5.82,AU,1606267493
163,Mutsu,41.29,141.22,53.01,65,75,2.24,JP,1606267494
164,Abu Kamal,34.45,40.92,55.81,38,100,6.04,SY,1606267494
165,Saint George,37.1,-113.58,48.2,31,1,4.7,US,1606267248
166,Avarua,-21.21,-159.78,78.8,83,98,4.7,CK,1606267200
167,Camaná,-16.62,-72.71,62.94,75,33,5.75,PE,1606267495
168,São João da Barra,-21.64,-41.05,72.5,86,100,9.17,BR,1606267277
169,Grindavik,63.84,-22.43,32.0,80,40,14.99,IS,1606267495
170,Sørland,67.67,12.69,44.62,83,100,33.89,NO,1606267495
171,Beloha,-25.17,45.05,68.9,74,70,3.98,MG,1606267496
172,Pitsunda,43.16,40.34,42.8,75,90,6.71,GE,1606267496
173,Silveira,39.11,-9.36,60.01,97,100,1.01,PT,1606267496
174,Khorixas,-20.37,14.97,63.25,47,75,3.06,NA,1606267496
175,Sur,22.57,59.53,75.02,64,0,15.39,OM,1606267497
176,Bobiceşti,44.38,24.15,26.6,92,0,2.24,RO,1606267497
177,Keti Bandar,24.14,67.45,62.58,60,0,20.33,PK,1606267497
178,Kahama,-3.83,32.6,65.75,89,24,1.79,TZ,1606267497
179,Edd,13.93,41.69,81.79,66,100,6.04,ER,1606267497
180,Carnarvon,-24.87,113.63,75.2,73,0,20.8,AU,1606267201
181,Leningradskiy,69.38,178.42,26.67,97,100,27.78,RU,1606267273
182,Haverhill,42.78,-71.08,30.99,50,1,5.82,US,1606267498
183,Te Anau,-45.42,167.72,65.39,42,1,4.0,NZ,1606267498
184,El Copé,8.62,-80.6,77.0,75,93,4.81,PA,1606267499
185,Omboué,-1.57,9.26,77.45,91,99,3.76,GA,1606267499
186,Cayenne,4.93,-52.33,78.8,88,75,2.24,GF,1606267499
187,Chokurdakh,70.63,147.92,-0.69,93,100,10.47,RU,1606267227
188,Kerewan,13.49,-16.09,69.8,100,100,2.62,GM,1606267500
189,Venezuela,8.0,-66.0,80.51,78,100,14.18,VE,1606267500
190,Pangnirtung,66.15,-65.71,3.2,77,75,20.8,CA,1606267260
191,Saint-François,46.42,3.91,33.01,100,90,5.82,FR,1606267500
192,Kaitangata,-46.28,169.85,61.0,73,0,15.01,NZ,1606267500
193,Half Moon Bay,37.46,-122.43,59.0,87,90,8.05,US,1606267246
194,Sioux Lookout,50.1,-91.92,30.2,92,90,4.7,CA,1606267280
195,Vazante,-17.99,-46.91,67.62,90,3,3.91,BR,1606267501
196,Saquarema,-22.92,-42.51,75.2,94,75,8.05,BR,1606267502
197,Grand-Santi,4.25,-54.38,74.01,96,0,3.47,GF,1606267503
198,Norman Wells,65.28,-126.83,-0.4,77,75,8.05,CA,1606267503
199,Touros,-5.2,-35.46,77.0,83,40,3.36,BR,1606267503
200,Nizhniy Kuranakh,58.84,125.49,5.88,92,100,11.83,RU,1606267503
201,Shahrud,36.42,54.98,33.39,87,0,3.27,IR,1606267503
202,Acaraú,-2.89,-40.12,80.02,80,45,15.99,BR,1606267504
203,Kloulklubed,7.04,134.26,87.8,70,75,9.17,PW,1606267505
204,Bone,51.97,12.14,35.01,96,50,4.0,DE,1606267505
205,Carutapera,-1.2,-46.02,78.93,84,61,7.94,BR,1606267505
206,Danielskuil,-28.19,23.54,55.69,43,0,9.91,ZA,1606267505
207,Codrington,-38.27,141.97,73.96,56,0,12.77,AU,1606267227
208,Inírida,3.87,-67.92,74.37,95,66,1.88,CO,1606267506
209,Veinticinco de Mayo,-35.43,-60.17,66.0,93,82,4.0,AR,1606267506
210,Lascahobas,18.83,-71.94,72.16,85,16,4.0,HT,1606267506
211,Potamiá,40.72,24.73,46.99,56,0,21.12,GR,1606267506
212,Davila,18.47,120.58,84.2,62,40,16.11,PH,1606267507
213,Yulara,-25.24,130.99,93.2,12,0,6.93,AU,1606267507
214,Pevek,69.7,170.31,23.4,96,100,15.28,RU,1606267507
215,Fukuechō,32.69,128.84,59.0,62,40,4.7,JP,1606267296
216,Peniche,39.36,-9.38,59.0,91,100,10.0,PT,1606267508
217,Okhotsk,59.38,143.3,-5.37,86,0,22.35,RU,1606267508
218,Beaver Falls,40.75,-80.32,42.01,65,90,4.7,US,1606267508
219,Caravelas,-17.71,-39.25,73.13,90,95,4.81,BR,1606267508
220,Conway,35.09,-92.44,57.2,87,90,9.17,US,1606267272
221,Upernavik,72.79,-56.15,6.94,75,0,10.09,GL,1606267509
222,Lapeer,43.05,-83.32,35.6,100,90,9.17,US,1606267510
223,Sitka,57.05,-135.33,41.0,75,40,5.82,US,1606267387
224,Gemeente Zeewolde,52.33,5.48,42.01,92,100,8.99,NL,1606267510
225,Lyuban',52.8,28.0,39.16,85,99,12.41,BY,1606267510
226,Petukhovo,55.07,67.9,11.77,95,93,7.92,RU,1606267511
227,Longyearbyen,78.22,15.64,26.6,92,90,17.22,SJ,1606267300
228,Coronado,32.69,-117.18,62.6,67,1,4.7,US,1606267493
229,Clonakilty,51.62,-8.87,39.2,86,0,8.05,IE,1606267270
230,Sainte-Claire,46.6,-70.86,18.0,81,50,2.57,CA,1606267512
231,Bambanglipuro,-7.95,110.28,81.88,74,35,4.63,ID,1606267513
232,Mogadishu,2.04,45.34,79.38,80,25,7.61,SO,1606267513
233,Namatanai,-3.67,152.43,85.05,67,100,7.47,PG,1606267282
234,Goroka,-6.08,145.39,74.32,61,44,3.85,PG,1606267513
235,Tautira,-17.73,-149.15,82.4,78,75,11.41,PF,1606267514
236,Vardø,70.37,31.11,36.21,81,100,11.34,NO,1606267250
237,Graciano Sánchez,23.92,-99.28,78.8,44,5,17.22,MX,1606267514
238,Katobu,-4.94,122.53,82.06,79,100,4.03,ID,1606267514
239,Le Port,-20.94,55.29,73.4,64,0,17.22,RE,1606267515
240,Indiaroba,-11.52,-37.51,73.53,84,0,3.69,BR,1606267515
241,Ternate,0.8,127.4,84.25,73,95,6.31,ID,1606267274
242,College,64.86,-147.8,6.8,77,40,5.82,US,1606267216
243,Moïssala,8.34,17.77,74.68,36,100,0.65,TD,1606267516
244,Kaiwaka,-36.17,174.45,71.01,93,99,5.99,NZ,1606267516
245,Forssa,60.81,23.62,33.01,94,100,1.01,FI,1606267516
246,Kutum,14.2,24.67,61.77,29,14,3.98,SD,1606267516
247,Broome,42.25,-75.83,30.99,74,1,6.93,US,1606267517
248,Terrace,54.52,-128.6,35.6,93,90,2.24,CA,1606267517
249,Clyde River,70.47,-68.59,6.8,92,90,28.86,CA,1606267270
250,Ukiah,39.15,-123.21,53.6,66,1,3.87,US,1606267518
251,Lorengau,-2.02,147.27,86.5,63,15,5.99,PG,1606267518
252,Saint-Augustin,51.23,-58.65,17.65,85,100,30.82,CA,1606267518
253,Karratha,-20.74,116.85,88.3,48,0,6.53,AU,1606267226
254,Zyryanka,65.75,150.85,-1.25,91,100,16.06,RU,1606267519
255,Severnyy,50.68,36.55,33.8,97,75,8.95,RU,1606267519
256,Mana,5.66,-53.78,78.01,87,41,9.57,GF,1606267519
257,Yashan,22.2,109.94,69.58,69,18,2.26,CN,1606267519
258,Yamethin,20.43,96.15,68.7,79,81,4.92,MM,1606267268
259,Wanning,18.8,110.4,76.14,85,79,13.15,CN,1606267520
260,Majene,-3.54,118.97,85.5,64,99,1.59,ID,1606267520
261,Brigantine,39.41,-74.36,43.0,80,1,2.04,US,1606267520
262,Thompson,55.74,-97.86,-0.4,84,20,3.74,CA,1606267521
263,Pastavy,55.12,26.83,41.47,90,100,12.64,BY,1606267521
264,Betsiamites,48.94,-68.65,19.4,61,1,11.41,CA,1606267521
265,Seminole,28.71,-81.21,66.99,72,1,6.93,US,1606267286
266,Dīnhāta,26.13,89.47,61.16,70,68,6.13,IN,1606267522
267,Champerico,14.3,-91.92,82.4,78,40,6.26,GT,1606267522
268,Saint-Pierre,-21.34,55.48,68.0,64,58,9.44,RE,1606267522
269,Kavaratti,10.57,72.64,82.04,70,99,7.67,IN,1606267522
270,Faya,18.39,42.45,57.2,87,0,1.97,SA,1606267300
271,São José da Coroa Grande,-8.9,-35.15,75.94,84,9,9.22,BR,1606267523
272,Udachny,66.42,112.4,-0.4,84,0,6.71,RU,1606267523
273,Baksan,43.69,43.54,35.6,64,90,2.24,RU,1606267523
274,Bubaque,11.28,-15.83,82.24,77,10,13.33,GW,1606267524
275,Vestmannaeyjar,63.44,-20.27,36.64,79,0,10.89,IS,1606267245
276,Maple Creek,49.92,-109.48,35.6,69,93,8.05,CA,1606267524
277,Saint-Leu,-21.15,55.28,73.4,64,38,4.21,RE,1606267524
278,Ilulissat,69.22,-51.1,24.8,49,100,24.16,GL,1606267524
279,São Gabriel da Cachoeira,-0.13,-67.09,75.38,95,100,0.43,BR,1606267525
280,Yerbogachën,61.28,108.01,-0.8,92,71,5.93,RU,1606267525
281,Noormarkku,61.59,21.87,35.6,93,90,5.82,FI,1606267525
282,Emerald,-23.53,148.17,87.8,43,100,8.05,AU,1606267524
283,Skjervøy,70.03,20.97,34.02,83,100,11.5,NO,1606267526
284,Matara,5.95,80.54,77.13,86,100,9.62,LK,1606267526
285,Barentu,15.11,37.59,63.99,77,0,0.92,ER,1606267526
286,Morges,46.51,6.5,37.99,93,1,1.01,CH,1606267526
287,Lianzhou,24.78,112.38,62.96,62,58,1.9,CN,1606267527
288,Puerto Berrío,6.49,-74.4,78.31,84,100,1.95,CO,1606267527
289,Saskylakh,71.92,114.08,-5.15,91,72,4.36,RU,1606267255
290,Agutaya,11.15,120.94,82.33,77,23,29.64,PH,1606267527
291,Ziyang,29.25,117.85,54.0,84,100,0.92,CN,1606267528
292,Lebu,-37.62,-73.65,54.84,88,54,1.88,CL,1606267229
293,San Roque,36.21,-5.38,62.6,82,100,10.29,ES,1606267528
294,Sulat,11.81,125.45,82.15,78,24,15.43,PH,1606267528
295,Altay,47.87,88.12,10.31,61,0,3.8,CN,1606267528
296,High Level,58.52,-117.14,15.8,100,90,4.7,CA,1606267276
297,Bucerías,20.75,-105.33,80.01,88,20,5.82,MX,1606267529
298,Kimbe,-5.55,150.14,80.98,83,100,5.41,PG,1606267279
299,Beaverlodge,55.22,-119.44,30.2,100,75,8.05,CA,1606267529
300,Biak,-0.91,122.88,84.25,65,100,1.86,ID,1606267530
301,Mugan,35.94,101.38,28.04,85,7,0.45,CN,1606267530
302,Houma,29.6,-90.72,71.01,83,40,9.17,US,1606267530
303,San Vicente,-26.62,-54.13,70.63,42,0,3.42,AR,1606267530
304,Río Gallegos,-51.62,-69.22,51.8,62,40,6.93,AR,1606267531
305,Richards Bay,-28.78,32.04,70.18,88,100,11.36,ZA,1606267288
306,Parāsia,22.2,78.77,56.66,44,0,3.2,IN,1606267531
307,Buraidah,26.33,43.98,55.4,71,0,5.82,SA,1606267321
308,Tilichiki,60.47,166.1,5.22,94,96,5.75,RU,1606267531
309,Puerto Lleras,3.02,-73.4,74.61,91,100,1.77,CO,1606267532
310,Southbridge,42.08,-72.03,28.99,72,96,2.62,US,1606267532
311,Ures,29.43,-110.4,66.0,42,0,1.01,MX,1606267532
312,Siocon,7.71,122.14,84.34,71,69,9.51,PH,1606267533
313,Chapais,49.78,-74.85,8.6,84,90,5.82,CA,1606267533
314,Sechura,-5.56,-80.82,65.34,77,93,15.35,PE,1606267533
315,Gunjur,13.2,-16.73,69.8,100,100,4.92,GM,1606267271
316,Homa Bay,-0.53,34.46,69.8,88,40,4.7,KE,1606267534
317,Padang,-0.95,100.35,78.04,75,100,3.13,ID,1606267295
318,Tamala,52.54,43.25,32.13,99,100,4.81,RU,1606267534
319,Cortez,37.35,-108.59,37.4,64,1,6.93,US,1606267534
320,San Patricio,28.02,-97.52,75.2,83,1,24.16,US,1606267535
321,Morón,-34.65,-58.62,71.01,73,90,11.41,AR,1606267467
322,Māngrol,21.12,70.12,70.3,46,72,8.75,IN,1606267535
323,Asău,46.43,26.4,33.01,80,0,5.1,RO,1606267535
324,Kruisfontein,-34.0,24.73,57.0,88,46,1.99,ZA,1606267535
325,La Paz,-16.5,-68.15,51.8,21,40,10.29,BO,1606267360
326,Máncora,-4.11,-81.05,68.7,71,17,14.09,PE,1606267536
327,Williamsport,41.24,-77.0,39.2,64,90,3.36,US,1606267375
328,Abū Zabad,12.35,29.25,71.55,29,0,10.16,SD,1606267536
329,Nantucket,41.28,-70.1,41.0,51,1,6.93,US,1606267426
330,Magdagachi,53.45,125.8,9.03,87,0,7.72,RU,1606267537
331,Ossora,59.24,163.07,17.2,85,99,6.73,RU,1606267537
332,Vila Velha,-20.33,-40.29,72.0,94,75,2.24,BR,1606267538
333,Garoowe,8.41,48.48,73.87,70,34,9.64,SO,1606267538
334,Manzanillo,20.34,-77.12,74.08,87,15,13.82,CU,1606267538
335,Port Lincoln,-34.73,135.87,79.48,33,0,7.61,AU,1606267538
336,Turiaçu,-1.66,-45.37,77.45,87,13,5.53,BR,1606267539
337,Gelnica,48.86,20.94,30.99,100,90,5.82,SK,1606267539
338,Quelimane,-17.88,36.89,78.64,72,46,4.03,MZ,1606267539
339,Vaitape,-16.52,-151.75,82.04,77,0,13.98,PF,1606267539
340,Bandarbeyla,9.49,50.81,76.77,84,33,7.38,SO,1606267254
341,Ribeira Grande,38.52,-28.7,57.34,58,6,15.82,PT,1606267540
342,Lüderitz,-26.65,15.16,62.6,63,0,11.41,NA,1606267274
343,Hualmay,-11.1,-77.61,63.37,82,16,9.06,PE,1606267540
344,São Filipe,14.9,-24.5,79.59,70,100,4.88,CV,1606267540
345,Vao,-22.67,167.48,75.92,70,100,9.37,NC,1606267541
346,Noumea,-22.28,166.46,89.6,46,0,11.41,NC,1606267541
347,Paamiut,61.99,-49.67,34.5,87,100,28.72,GL,1606267542
348,Kamiiso,41.82,140.65,41.0,65,75,2.24,JP,1606267542
349,Manokwari,-0.87,134.08,79.79,85,100,6.58,ID,1606267437
350,West Bay,19.37,-81.42,81.0,74,20,14.99,KY,1606267542
351,Huarmey,-10.07,-78.15,63.57,83,28,7.45,PE,1606267542
352,Constitución,-35.33,-72.42,55.0,88,0,7.34,CL,1606267543
353,Berezyne,46.23,29.2,35.8,85,0,6.38,UA,1606267543
354,Challapata,-18.9,-66.77,53.55,48,88,5.66,BO,1606267544
355,Nālūt,30.33,10.85,53.87,80,0,5.99,LY,1606267544
356,Praxédis Guerrero,31.37,-106.02,60.8,15,5,16.11,MX,1606267544
357,Bengkulu,-3.8,102.27,75.16,91,100,2.42,ID,1606267544
358,Lagoa,39.05,-27.98,56.59,57,15,15.82,PT,1606267544
359,Nome,64.5,-165.41,33.8,100,90,31.09,US,1606267249
360,Eyl,7.98,49.82,76.39,79,14,5.79,SO,1606267545
361,Fayaoué,-20.65,166.53,78.3,73,5,11.27,NC,1606267545
362,Srikakulam,18.3,83.9,69.75,62,100,7.87,IN,1606267545
363,Gijang,35.24,129.21,50.0,31,0,10.29,KR,1606267409
364,Acapulco de Juárez,16.86,-99.89,82.4,78,40,2.24,MX,1606267505
365,Tuatapere,-46.13,167.68,67.24,41,0,5.41,NZ,1606267546
366,Babu,24.42,111.52,61.75,66,68,2.35,CN,1606267546
367,Shache,38.42,77.24,18.05,89,100,6.06,CN,1606267546
368,Fairlie,55.76,-4.86,43.0,93,100,5.82,GB,1606267547
369,Vila,42.03,-8.16,50.0,93,100,3.0,PT,1606267547
370,Gilgit,35.92,74.31,36.88,71,100,0.72,PK,1606267547
371,Wangaratta,-36.37,146.33,80.01,41,0,10.29,AU,1606267547
372,Ushtobe,45.25,77.98,15.85,89,0,8.12,KZ,1606267548
373,Irituia,-1.77,-47.44,74.91,92,12,3.76,BR,1606267548
374,Iqaluit,63.75,-68.51,3.2,71,75,12.75,CA,1606267548
375,Khovd,48.01,91.64,10.56,82,93,0.51,MN,1606267548
376,Nanga Eboko,4.68,12.37,68.54,90,100,2.06,CM,1606267549
377,Mersing,2.43,103.84,73.4,100,40,4.7,MY,1606267288
378,Baloda Bāzār,21.67,82.17,57.94,62,100,5.28,IN,1606267549
379,Luau,-10.71,22.22,63.77,99,100,3.04,AO,1606267550
380,Nelson Bay,-32.72,152.15,78.01,56,40,14.99,AU,1606267550
381,Keningau,5.34,116.16,84.2,74,20,3.36,MY,1606267550
382,Korāput,18.82,82.72,59.77,67,100,4.52,IN,1606267550
383,Morondava,-20.28,44.28,79.18,66,31,6.06,MG,1606267514
384,Tromsø,69.65,18.96,33.8,74,75,13.87,NO,1606267551
385,Yar-Sale,66.83,70.83,15.24,97,100,10.98,RU,1606267279
386,Atbasar,51.8,68.33,7.09,95,29,6.96,KZ,1606267551
387,Porto União,-26.24,-51.08,61.63,77,1,1.7,BR,1606267551
388,Peleduy,59.63,112.74,6.01,93,100,7.31,RU,1606267552
389,Camden,39.78,-74.97,41.0,79,100,2.26,US,1606267552
390,Emporia,38.4,-96.18,50.0,100,90,8.05,US,1606267552
391,Kirakira,-10.45,161.92,79.75,82,100,15.82,SB,1606267552
392,Daphne,30.6,-87.9,66.2,88,0,4.7,US,1606267421
393,Pelym,61.01,62.0,21.72,94,100,9.31,RU,1606267553
394,Kamari,36.8,25.82,57.99,66,80,8.01,GR,1606267553
395,Aksay,47.26,39.87,36.0,93,79,6.71,RU,1606267553
396,Rurrenabaque,-14.44,-67.53,82.94,53,54,1.52,BO,1606267553
397,Saint Paul Harbor,57.79,-152.41,42.8,60,1,10.29,US,1606267349
398,Pisco,-13.7,-76.22,66.99,82,0,18.34,PE,1606267554
399,Poum,-20.23,164.02,78.33,73,91,14.83,NC,1606267554
400,Mali,12.08,-12.3,75.2,47,0,1.54,GN,1606267554
401,Omsukchan,62.53,155.8,-8.95,86,100,5.28,RU,1606267555
402,San Cristobal,7.77,-72.22,66.76,89,100,1.72,VE,1606267301
403,Sohag,26.56,31.69,50.0,71,0,5.82,EG,1606267555
404,Carmo do Paranaíba,-19.0,-46.32,66.99,100,99,1.01,BR,1606267555
405,Siirt,37.93,41.94,42.22,62,28,0.54,TR,1606267556
406,Arlit,18.74,7.39,68.67,25,1,7.11,NE,1606267556
407,Vostok,46.49,135.88,19.24,95,87,4.65,RU,1606267556
408,Marsaxlokk,35.84,14.54,60.01,93,40,1.12,MT,1606267556
409,Iskateley,67.68,53.15,18.9,97,99,10.63,RU,1606267557
410,Sępólno Krajeńskie,53.45,17.53,36.0,92,100,7.4,PL,1606267557
411,Kudahuvadhoo,2.67,72.89,80.94,74,61,6.2,MV,1606267557
412,Aklavik,68.22,-135.01,1.4,84,90,2.55,CA,1606267557
413,Olinda,-8.01,-34.86,77.0,69,40,9.17,BR,1606267557
414,Katsuura,35.13,140.3,53.6,81,75,14.99,JP,1606267275
415,Santa Cruz de la Sierra,-17.8,-63.17,86.0,62,0,5.82,BO,1606267353
416,Ulaanbaatar,47.91,106.88,8.6,78,75,4.47,MN,1606267558
417,Kungurtug,50.6,97.52,11.52,92,100,0.36,RU,1606267558
418,Abbeville,50.1,1.83,41.0,84,87,8.46,FR,1606267559
419,Jinka,5.65,36.65,64.45,72,0,1.72,ET,1606267559
420,Aojiang,22.94,116.04,72.0,76,10,1.01,CN,1606267559
421,Honningsvåg,70.98,25.97,34.52,84,100,21.92,NO,1606267559
422,Lashio,22.93,97.75,58.24,87,0,0.78,MM,1606267559
423,Saint Anthony,45.02,-93.22,37.4,93,90,1.83,US,1606267560
424,Jand,33.43,72.02,55.69,58,100,6.08,PK,1606267560
425,Harper,4.38,-7.72,77.9,89,11,7.94,LR,1606267560
426,Narsaq,60.92,-46.05,35.6,64,100,23.04,GL,1606267560
427,Mandan,46.83,-100.89,23.0,92,1,3.36,US,1606267298
428,Kiunga,-6.12,141.29,89.65,63,100,2.33,PG,1606267299
429,Soyo,-6.13,12.37,78.03,87,100,10.25,AO,1606267561
430,Andenes,69.31,16.12,36.0,93,100,12.75,NO,1606267561
431,Ndélé,8.41,20.65,73.35,34,18,2.93,CF,1606267561
432,Bongor,10.28,15.37,74.82,26,59,7.36,TD,1606267562
433,Sirte,31.21,16.59,65.16,71,1,8.68,LY,1606267562
434,Wilmington Island,32.0,-80.97,62.01,77,1,9.17,US,1606267562
435,Wahiawā,21.5,-158.02,86.0,69,90,6.93,US,1606267281
436,Pouembout,-21.13,164.9,83.55,52,97,2.75,NC,1606267563
437,Korla,41.76,86.15,17.11,87,0,2.77,CN,1606267563
438,General Roca,-39.03,-67.58,64.4,45,0,3.36,AR,1606267563
439,Władysławowo,54.79,18.4,43.0,86,20,5.82,PL,1606267563
440,Adré,13.47,22.2,67.12,27,5,7.9,TD,1606267564
441,Mirny,62.54,113.96,-9.4,83,0,4.47,RU,1606267564
442,Kodinsk,58.69,99.18,9.81,94,100,2.75,RU,1606267564
443,Hauterive,46.09,3.45,46.4,65,0,2.24,FR,1606267564
444,Rongcheng,30.63,117.85,48.38,87,100,1.95,CN,1606267565
445,Flinders,-34.58,150.86,72.0,74,49,4.0,AU,1606267565
446,Ugoofaaru,5.67,73.0,81.37,63,99,3.53,MV,1606267565
447,Nemuro,43.32,145.57,37.4,59,75,5.82,JP,1606267565
448,Yeniseysk,58.45,92.17,2.19,94,57,0.92,RU,1606267565
449,Yārāda,17.65,83.27,75.2,73,90,10.29,IN,1606267566
450,Cap-aux-Meules,47.38,-61.86,28.4,63,100,32.21,CA,1606267566
451,Palana,59.12,159.97,15.89,98,100,5.14,RU,1606267566
452,Constantine,36.37,6.61,48.2,87,0,8.05,DZ,1606267567
453,Auki,-8.77,160.7,73.62,86,100,7.67,SB,1606267291
454,Rumonge,-3.97,29.44,70.9,75,67,2.53,BI,1606267567
455,Srednekolymsk,67.45,153.68,-2.04,92,100,10.33,RU,1606267567
456,Pital,2.27,-75.8,68.4,80,100,4.56,CO,1606267567
457,Los Llanos de Aridane,28.66,-17.92,68.0,68,0,3.36,ES,1606267568
458,Camacha,33.08,-16.33,64.4,77,40,12.75,PT,1606267568
459,Carupano,10.67,-63.26,78.01,86,94,10.47,VE,1606267568
460,Hūn,29.13,15.95,55.49,59,0,7.16,LY,1606267569
461,Shanghai,31.22,121.46,55.99,93,90,6.71,CN,1606267552
462,Gamba,-2.65,10.0,77.99,89,100,5.44,GA,1606267569
463,Parrita,9.52,-84.32,71.6,100,75,3.36,CR,1606267569
464,Carauari,-4.88,-66.9,75.36,94,98,2.19,BR,1606267570
465,Vanimo,-2.67,141.3,85.91,62,25,2.13,PG,1606267280
466,Aguié,13.51,7.78,74.32,31,81,3.74,NE,1606267570
467,Homer,59.64,-151.55,39.0,80,40,4.7,US,1606267321
468,Puerto Escondido,15.85,-97.07,82.4,74,40,3.36,MX,1606267571
469,Clarence Town,-32.58,151.78,78.01,56,40,14.99,AU,1606267571
470,Pacifica,37.61,-122.49,55.99,76,20,12.75,US,1606267420
471,Arrondissement d'Arcachon,44.59,-1.05,46.4,100,0,2.24,FR,1606267572
472,Grand Gaube,-20.01,57.66,75.0,80,7,3.0,MU,1606267572
473,Aksarka,66.56,67.8,16.88,97,100,9.86,RU,1606267572
474,Bulgan,48.81,103.53,14.34,94,100,3.09,MN,1606267572
475,Sūsangerd,31.56,48.18,53.6,100,90,2.24,IR,1606267572
476,Waitati,-45.75,170.57,57.99,70,0,28.99,NZ,1606267573
477,Dinghaicun,26.28,119.79,69.8,73,75,13.42,CN,1606267573
478,Muyezerskiy,63.93,31.65,23.67,98,3,4.29,RU,1606267573
479,Beringovskiy,63.05,179.32,19.81,94,100,28.66,RU,1606267573
480,Henties Bay,-22.12,14.28,57.0,87,38,1.99,NA,1606267574
481,Joshīmath,30.57,79.57,41.2,61,100,4.32,IN,1606267574
482,Khiri Mat,16.83,99.8,79.0,83,0,2.24,TH,1606267574
483,Hay River,60.82,-115.8,12.2,92,100,9.17,CA,1606267574
484,Ulaangom,49.98,92.07,16.48,96,96,2.39,MN,1606267575
485,Killybegs,54.63,-8.45,37.0,95,27,1.99,IE,1606267575
486,Kibaya,-5.3,36.57,60.98,100,92,3.53,TZ,1606267575
487,Bouar,5.93,15.6,67.03,48,96,2.62,CF,1606267575
488,Mananjary,-21.22,48.33,72.43,89,78,5.32,MG,1606267576
489,Elko,41.0,-115.5,35.6,55,1,6.91,US,1606267576
490,Sibu,2.3,111.82,78.8,88,20,4.7,MY,1606267576
491,Scottsbluff,41.87,-103.67,28.4,50,1,5.82,US,1606267576
492,Oistins,13.07,-59.53,80.6,78,40,17.22,BB,1606267391
493,Buckeye,33.37,-112.58,66.2,23,0,5.82,US,1606267577
494,Itarema,-2.92,-39.92,80.11,80,66,15.59,BR,1606267577
495,Wamba,8.93,8.6,76.46,48,100,4.65,NG,1606267578
496,Dutlwe,-23.98,23.9,70.29,27,0,13.91,BW,1606267578
497,San Jose,37.34,-121.89,61.0,44,20,9.17,US,1606267512
498,La Rioja,-29.41,-66.85,86.49,35,0,7.14,AR,1606267578
499,Wilmington,34.23,-77.94,46.4,81,1,4.47,US,1606267422
500,Salalah,17.02,54.09,77.0,27,0,12.75,OM,1606267579
501,Alanya,36.54,32.0,50.0,93,0,5.82,TR,1606267580
502,‘Āhuimanu,21.44,-157.84,84.2,65,90,11.41,US,1606267580
503,Kalabo,-14.97,22.68,71.29,80,100,2.82,ZM,1606267580
504,Jalu,29.03,21.55,57.65,60,98,11.21,LY,1606267580
505,Mozarlândia,-14.74,-50.57,77.02,61,65,6.49,BR,1606267581
506,Inhambane,-23.86,35.38,77.92,93,8,11.05,MZ,1606267581
507,Sambava,-14.27,50.17,73.09,84,89,8.77,MG,1606267581
508,Los Algarrobos,8.5,-82.43,77.0,87,100,1.01,PA,1606267581
509,Husavik,66.04,-17.34,26.6,92,90,4.7,IS,1606267582
510,Agüimes,27.91,-15.45,70.0,28,0,4.7,ES,1606267582
511,Vanavara,60.34,102.28,7.68,95,99,4.38,RU,1606267582
512,Catumbela,-12.43,13.55,75.42,85,100,4.47,AO,1606267582
513,Abu Dhabi,24.47,54.37,71.6,64,20,4.7,AE,1606267299
514,Taoudenni,22.68,-3.98,58.21,35,43,12.44,ML,1606267583
515,Tocopilla,-22.09,-70.2,65.39,61,96,7.56,CL,1606267313
516,Broken Hill,-31.95,141.43,82.4,26,0,4.7,AU,1606267583
517,São Marcos,-28.97,-51.07,61.92,69,0,4.68,BR,1606267457
518,Diego de Almagro,-26.37,-70.05,59.4,61,70,0.78,CL,1606267584
519,Tazovsky,67.47,78.7,8.49,95,100,9.44,RU,1606267584
520,Arrondissement de Thonon-les-Bains,46.25,6.5,37.99,93,90,1.12,FR,1606267584
521,Alekseyevsk,57.84,108.35,4.55,92,98,5.41,RU,1606267584
522,Makakilo City,21.35,-158.09,84.2,54,20,13.87,US,1606267425
523,Kholmogory,64.22,41.66,30.2,100,90,2.24,RU,1606267585
524,Maragogi,-9.01,-35.22,75.15,83,0,8.34,BR,1606267322
525,Abong Mbang,3.98,13.18,66.88,69,41,1.97,CM,1606267585
526,Ouadda,8.08,22.4,69.94,39,0,3.56,CF,1606267585
527,Haines Junction,60.75,-137.51,1.4,91,0,2.15,CA,1606267544
528,Kim,40.21,70.47,28.4,86,90,2.24,TJ,1606267586
529,Urucará,-2.54,-57.76,78.42,84,30,2.44,BR,1606267545
530,Verkhnevilyuysk,63.45,120.32,-3.51,90,98,8.63,RU,1606267587
531,Sabha,27.04,14.43,49.53,58,0,7.34,LY,1606267587
532,Manacapuru,-3.3,-60.62,77.0,94,75,3.36,BR,1606267587
533,Roald,62.58,6.13,45.0,93,90,16.11,NO,1606267587
534,Mīnāb,27.15,57.08,62.6,42,0,4.7,IR,1606267588
535,Along,28.17,94.77,51.57,58,0,1.68,IN,1606267588
536,Laredo,27.51,-99.51,78.8,44,1,6.93,US,1606267469
537,Beidao,34.57,105.89,32.85,91,100,2.28,CN,1606267588
538,Savinskiy,62.93,40.14,33.01,97,100,2.62,RU,1606267588
539,Karatuzskoye,53.61,92.87,9.3,95,82,1.28,RU,1606267589
540,Markova,48.68,24.41,33.04,86,0,4.83,UA,1606267589
541,Äänekoski,62.69,25.82,32.0,86,90,2.24,FI,1606267589
542,Semnan,35.57,53.4,40.78,74,55,1.25,IR,1606267589
543,Fuyang,32.9,115.82,41.92,79,100,5.55,CN,1606267590
544,Nanortalik,60.14,-45.24,32.2,97,100,38.65,GL,1606267590
545,La Tuque,47.43,-72.78,15.8,72,99,2.24,CA,1606267590
546,Ixtapa,20.7,-105.2,80.01,88,20,5.82,MX,1606267590
547,Chernyshevskiy,63.01,112.47,-11.36,89,5,2.73,RU,1606267591
548,Bairiki Village,1.33,172.98,87.8,62,20,17.22,KI,1606267591
549,Al Bardīyah,31.76,25.09,61.97,72,12,8.5,LY,1606267591
